relative_path,folder,title,google_doc_id,drive_url
mckenney-lacan-theory/01_Use_case_cyber/04_PSYCHOHISTORY_EXECUTIVE_SUMMARY_v3.0_2025-11-19.text.gdoc,mckenney-lacan-theory/01_Use_case_cyber,04_PSYCHOHISTORY_EXECUTIVE_SUMMARY_v3.0_2025-11-19.text,1VMDuXyXqcu7puXpc6e_HzgqTz9TSAmN_kiXbolMeMDE,https://docs.google.com/document/d/1VMDuXyXqcu7puXpc6e_HzgqTz9TSAmN_kiXbolMeMDE/edit
mckenney-lacan-theory/01_Use_case_cyber/Biases_Academic_Synthesis.md.gdoc,mckenney-lacan-theory/01_Use_case_cyber,Biases_Academic_Synthesis,1P_7ytG2j5-YdMnbzver4ALKKl-nf-J17JXNcrC3bzRg,https://docs.google.com/document/d/1P_7ytG2j5-YdMnbzver4ALKKl-nf-J17JXNcrC3bzRg/edit
mckenney-lacan-theory/01_Use_case_cyber/Cyber Pyschohistory.gdoc,mckenney-lacan-theory/01_Use_case_cyber,Cyber Pyschohistory,1jHf8p8C2xFZyaXfOeZNjJOked3mE-xSoPtknPIFmBnc,https://docs.google.com/document/d/1jHf8p8C2xFZyaXfOeZNjJOked3mE-xSoPtknPIFmBnc/edit
mckenney-lacan-theory/01_Use_case_cyber/Cyber_Corporate_Personality_Assessments/01_DISC_Assessment_Security_Applications.md.gdoc,mckenney-lacan-theory/01_Use_case_cyber/Cyber_Corporate_Personality_Assessments,01_DISC_Assessment_Security_Applications,1NaHXOat59q5gN-sFhkg3OlkMcuXpQxxrNUous5iIaCE,https://docs.google.com/document/d/1NaHXOat59q5gN-sFhkg3OlkMcuXpQxxrNUous5iIaCE/edit
mckenney-lacan-theory/01_Use_case_cyber/Cyber_Corporate_Personality_Assessments/02_Hogan_Assessments_Insider_Risk.md.gdoc,mckenney-lacan-theory/01_Use_case_cyber/Cyber_Corporate_Personality_Assessments,02_Hogan_Assessments_Insider_Risk,1jzklfBcmRgIKfAwnE0jk5TPYSMJdG5v7amg3shBf_No,https://docs.google.com/document/d/1jzklfBcmRgIKfAwnE0jk5TPYSMJdG5v7amg3shBf_No/edit
mckenney-lacan-theory/01_Use_case_cyber/Cyber_Corporate_Personality_Assessments/03_CliftonStrengths_Talent_Security_Profile.md.gdoc,mckenney-lacan-theory/01_Use_case_cyber/Cyber_Corporate_Personality_Assessments,03_CliftonStrengths_Talent_Security_Profile,1Z-jwP8ruPgmPv2O2hkk5qpZ0XRqUZvpw0yJFLHhs7HU,https://docs.google.com/document/d/1Z-jwP8ruPgmPv2O2hkk5qpZ0XRqUZvpw0yJFLHhs7HU/edit
mckenney-lacan-theory/01_Use_case_cyber/Cyber_Psychohistory_Demographics/01_Psychohistory_Population_Cyber_Behavior.md.gdoc,mckenney-lacan-theory/01_Use_case_cyber/Cyber_Psychohistory_Demographics,01_Psychohistory_Population_Cyber_Behavior,1tXHNrtpJ6-mhLprc2ZHdD2SEYr2r3rMDarv-Rts4qoQ,https://docs.google.com/document/d/1tXHNrtpJ6-mhLprc2ZHdD2SEYr2r3rMDarv-Rts4qoQ/edit
mckenney-lacan-theory/01_Use_case_cyber/Cyber_Psychohistory_Demographics/02_Demographic_Cohorts_Cyber_Threat_Landscape.md.gdoc,mckenney-lacan-theory/01_Use_case_cyber/Cyber_Psychohistory_Demographics,02_Demographic_Cohorts_Cyber_Threat_Landscape,1j0W_A-wxVqDoRjHxy9QybGxahRSc3wrqRczjoQJCfak,https://docs.google.com/document/d/1j0W_A-wxVqDoRjHxy9QybGxahRSc3wrqRczjoQJCfak/edit
mckenney-lacan-theory/01_Use_case_cyber/Cyber_Psychohistory_Demographics/03_Urbanization_Digital_Infrastructure_Risk.md.gdoc,mckenney-lacan-theory/01_Use_case_cyber/Cyber_Psychohistory_Demographics,03_Urbanization_Digital_Infrastructure_Risk,1FOr35_qhRlX-fW4o3uXsi3FKtbpFyFfctcN50MFrZUA,https://docs.google.com/document/d/1FOr35_qhRlX-fW4o3uXsi3FKtbpFyFfctcN50MFrZUA/edit
mckenney-lacan-theory/01_Use_case_cyber/Cyber_Psychohistory_Demographics/04_Generational_Analysis_Attack_Patterns.md.gdoc,mckenney-lacan-theory/01_Use_case_cyber/Cyber_Psychohistory_Demographics,04_Generational_Analysis_Attack_Patterns,1H78kltv9P1sTfiPXEuFjqVFT1E6K46nufuWQhDjjIz8,https://docs.google.com/document/d/1H78kltv9P1sTfiPXEuFjqVFT1E6K46nufuWQhDjjIz8/edit
mckenney-lacan-theory/01_Use_case_cyber/Cyber_Psychohistory_Demographics/05_Socioeconomic_Stratification_Threat_Actors.md.gdoc,mckenney-lacan-theory/01_Use_case_cyber/Cyber_Psychohistory_Demographics,05_Socioeconomic_Stratification_Threat_Actors,1pze3mtSZd3FmbdzH2v5_mEIt17jse0VOQecLHNg6sYQ,https://docs.google.com/document/d/1pze3mtSZd3FmbdzH2v5_mEIt17jse0VOQecLHNg6sYQ/edit
mckenney-lacan-theory/01_Use_case_cyber/Cyber_Psychohistory_Demographics/06_Cultural_Evolution_Cyber_Norms.md.gdoc,mckenney-lacan-theory/01_Use_case_cyber/Cyber_Psychohistory_Demographics,06_Cultural_Evolution_Cyber_Norms,1V3JuifgRaTZ2IsvqQHzs-GjnxciKBIedGW-mC62kqmo,https://docs.google.com/document/d/1V3JuifgRaTZ2IsvqQHzs-GjnxciKBIedGW-mC62kqmo/edit
mckenney-lacan-theory/01_Use_case_cyber/PSYCHOHISTORY_MATH_SCHEMA.md.gdoc,mckenney-lacan-theory/01_Use_case_cyber,PSYCHOHISTORY_MATH_SCHEMA,1_uXMvsH5OcOuV7CTEEMknI3vi6whpOETWXpVnOf3tVo,https://docs.google.com/document/d/1_uXMvsH5OcOuV7CTEEMknI3vi6whpOETWXpVnOf3tVo/edit
mckenney-lacan-theory/01_Use_case_cyber/Pyschohistur Mckenney vision.gdoc,mckenney-lacan-theory/01_Use_case_cyber,Pyschohistur Mckenney vision,1UFs5Y9aJfOQnHkb0uOUUvgxS-HR7eZ5oDT40k6j-4P8,https://docs.google.com/document/d/1UFs5Y9aJfOQnHkb0uOUUvgxS-HR7eZ5oDT40k6j-4P8/edit
mckenney-lacan-theory/01_Use_case_cyber/Unified_Personality_Matrix_Academic.md.gdoc,mckenney-lacan-theory/01_Use_case_cyber,Unified_Personality_Matrix_Academic,14r3zKSCQlztQEF62RCLF5rpJppA_QIuHkfgturiY150,https://docs.google.com/document/d/14r3zKSCQlztQEF62RCLF5rpJppA_QIuHkfgturiY150/edit
mckenney-lacan-theory/01_Use_case_cyber/pyschohisotry overall.md.gdoc,mckenney-lacan-theory/01_Use_case_cyber,pyschohisotry overall,1H0hn8DIWssKQzG9WPCEHl286Yx8qAfu37UFlexdIDBE,https://docs.google.com/document/d/1H0hn8DIWssKQzG9WPCEHl286Yx8qAfu37UFlexdIDBE/edit
mckenney-lacan-theory/02.5_Personality_Frameworks/01_DISC_Assessment_Security_Applications.md.gdoc,mckenney-lacan-theory/02.5_Personality_Frameworks,01_DISC_Assessment_Security_Applications,1uKZUwJvNyEDURPU9ogDFee9dqqYubA7cDQskTjL04Hg,https://docs.google.com/document/d/1uKZUwJvNyEDURPU9ogDFee9dqqYubA7cDQskTjL04Hg/edit
mckenney-lacan-theory/02.5_Personality_Frameworks/02_Hogan_Assessments_Insider_Risk.md.gdoc,mckenney-lacan-theory/02.5_Personality_Frameworks,02_Hogan_Assessments_Insider_Risk,1zOAzzr8XuKi1M3HEL9lXQpYPDDUtOxWQPkfIijMnSEE,https://docs.google.com/document/d/1zOAzzr8XuKi1M3HEL9lXQpYPDDUtOxWQPkfIijMnSEE/edit
mckenney-lacan-theory/02.5_Personality_Frameworks/03_CliftonStrengths_Talent_Security_Profile.md.gdoc,mckenney-lacan-theory/02.5_Personality_Frameworks,03_CliftonStrengths_Talent_Security_Profile,1s0zdzOzlcziuozSQNKDa8NA_u6oLewLELehISWe-2TY,https://docs.google.com/document/d/1s0zdzOzlcziuozSQNKDa8NA_u6oLewLELehISWe-2TY/edit
mckenney-lacan-theory/02.5_Personality_Frameworks/Agreeableness.md.gdoc,mckenney-lacan-theory/02.5_Personality_Frameworks,Agreeableness,1afFGWFac9Jx4Bvrg2somputxNtBdEFXZsu1r8deqW2A,https://docs.google.com/document/d/1afFGWFac9Jx4Bvrg2somputxNtBdEFXZsu1r8deqW2A/edit
mckenney-lacan-theory/02.5_Personality_Frameworks/Anxious_Preoccupied_Attachment.md.gdoc,mckenney-lacan-theory/02.5_Personality_Frameworks,Anxious_Preoccupied_Attachment,1pLfkhI_ZI92xpxqqEzWkPkKO3eSpFq1T-3hljQtMN6I,https://docs.google.com/document/d/1pLfkhI_ZI92xpxqqEzWkPkKO3eSpFq1T-3hljQtMN6I/edit
mckenney-lacan-theory/02.5_Personality_Frameworks/COMPLETION_REPORT.md.gdoc,mckenney-lacan-theory/02.5_Personality_Frameworks,COMPLETION_REPORT,14fh264od7pbRwkpBSCPtIf21J1lDNz9A7mKBbWueR8s,https://docs.google.com/document/d/14fh264od7pbRwkpBSCPtIf21J1lDNz9A7mKBbWueR8s/edit
mckenney-lacan-theory/02.5_Personality_Frameworks/Cognitive_Functions.md.gdoc,mckenney-lacan-theory/02.5_Personality_Frameworks,Cognitive_Functions,1LzLXT7l0KTRV4sWYQ98Y1ImBliqzpBSrruAjwLY89Ew,https://docs.google.com/document/d/1LzLXT7l0KTRV4sWYQ98Y1ImBliqzpBSrruAjwLY89Ew/edit
mckenney-lacan-theory/02.5_Personality_Frameworks/Conscientiousness.md.gdoc,mckenney-lacan-theory/02.5_Personality_Frameworks,Conscientiousness,15RGbCIsLhl6Gs_Q7_M-64tR5hKU7lU88WjNpQZ_yVGo,https://docs.google.com/document/d/15RGbCIsLhl6Gs_Q7_M-64tR5hKU7lU88WjNpQZ_yVGo/edit
mckenney-lacan-theory/02.5_Personality_Frameworks/Corporate_Psychopathy_Factor1.md.gdoc,mckenney-lacan-theory/02.5_Personality_Frameworks,Corporate_Psychopathy_Factor1,1jX6xMpwrauMxzcgdDQceWopv1GAfPhF-QypdQO_Caiw,https://docs.google.com/document/d/1jX6xMpwrauMxzcgdDQceWopv1GAfPhF-QypdQO_Caiw/edit
mckenney-lacan-theory/02.5_Personality_Frameworks/Corporate_Psychopathy_Factor2.md.gdoc,mckenney-lacan-theory/02.5_Personality_Frameworks,Corporate_Psychopathy_Factor2,1uc6ATGxbSyyruH6UpDi4DV-l3Mj7kFULZgjXo0-0UR0,https://docs.google.com/document/d/1uc6ATGxbSyyruH6UpDi4DV-l3Mj7kFULZgjXo0-0UR0/edit
mckenney-lacan-theory/02.5_Personality_Frameworks/Dismissive_Avoidant_Attachment.md.gdoc,mckenney-lacan-theory/02.5_Personality_Frameworks,Dismissive_Avoidant_Attachment,1qYtPv4fldjzZdIzREumHjyFXW9yW9OQ4VwknKEjeJHY,https://docs.google.com/document/d/1qYtPv4fldjzZdIzREumHjyFXW9yW9OQ4VwknKEjeJHY/edit
mckenney-lacan-theory/02.5_Personality_Frameworks/ENFJ_Type.md.gdoc,mckenney-lacan-theory/02.5_Personality_Frameworks,ENFJ_Type,1p-Hdp5UE83pWYhzc9pYvM0qz7v1LAL2b9xMsiUily5M,https://docs.google.com/document/d/1p-Hdp5UE83pWYhzc9pYvM0qz7v1LAL2b9xMsiUily5M/edit
mckenney-lacan-theory/02.5_Personality_Frameworks/ENFP_Type.md.gdoc,mckenney-lacan-theory/02.5_Personality_Frameworks,ENFP_Type,1L9pMzGCKPFyo_Q2eFimkBc8IKOh9rqUTjp0UusMR06o,https://docs.google.com/document/d/1L9pMzGCKPFyo_Q2eFimkBc8IKOh9rqUTjp0UusMR06o/edit
mckenney-lacan-theory/02.5_Personality_Frameworks/ENTJ_Type.md.gdoc,mckenney-lacan-theory/02.5_Personality_Frameworks,ENTJ_Type,1_VrAxrwjuEwUGeq7olhTkXGuM-rvApXg2g0-kj5fT3o,https://docs.google.com/document/d/1_VrAxrwjuEwUGeq7olhTkXGuM-rvApXg2g0-kj5fT3o/edit
mckenney-lacan-theory/02.5_Personality_Frameworks/ENTP_Type.md.gdoc,mckenney-lacan-theory/02.5_Personality_Frameworks,ENTP_Type,1bEQZQ5NkEsZkE5_hzsz_o5aXhOxpFF7ThgmnFVgabW8,https://docs.google.com/document/d/1bEQZQ5NkEsZkE5_hzsz_o5aXhOxpFF7ThgmnFVgabW8/edit
mckenney-lacan-theory/02.5_Personality_Frameworks/ESFJ_Type.md.gdoc,mckenney-lacan-theory/02.5_Personality_Frameworks,ESFJ_Type,1YcV5nZ5ol1OYE8PRN4uByDF58n4mD3HOSeDYOd0-wcw,https://docs.google.com/document/d/1YcV5nZ5ol1OYE8PRN4uByDF58n4mD3HOSeDYOd0-wcw/edit
mckenney-lacan-theory/02.5_Personality_Frameworks/ESFP_Type.md.gdoc,mckenney-lacan-theory/02.5_Personality_Frameworks,ESFP_Type,1z5OzByjqEzBHn4LPHom6hwfoOK59iVxBOIivoSxvUMA,https://docs.google.com/document/d/1z5OzByjqEzBHn4LPHom6hwfoOK59iVxBOIivoSxvUMA/edit
mckenney-lacan-theory/02.5_Personality_Frameworks/ESTJ_Type.md.gdoc,mckenney-lacan-theory/02.5_Personality_Frameworks,ESTJ_Type,1foIulNoJeGOP6ZkrJhtzNgPdz_0f12wogRBzP59fb2Q,https://docs.google.com/document/d/1foIulNoJeGOP6ZkrJhtzNgPdz_0f12wogRBzP59fb2Q/edit
mckenney-lacan-theory/02.5_Personality_Frameworks/ESTP_Type.md.gdoc,mckenney-lacan-theory/02.5_Personality_Frameworks,ESTP_Type,1XMmhxYCgiZl4oAld0My7W_bH42f-SWYFKxF9qdWmjIY,https://docs.google.com/document/d/1XMmhxYCgiZl4oAld0My7W_bH42f-SWYFKxF9qdWmjIY/edit
mckenney-lacan-theory/02.5_Personality_Frameworks/Emotionality.md.gdoc,mckenney-lacan-theory/02.5_Personality_Frameworks,Emotionality,1Zv5ZcfVx2VJ7s1WqkAOgfSPmljhYTNy0jHXwkkFHvGI,https://docs.google.com/document/d/1Zv5ZcfVx2VJ7s1WqkAOgfSPmljhYTNy0jHXwkkFHvGI/edit
mckenney-lacan-theory/02.5_Personality_Frameworks/Entitlement_Exploitativeness.md.gdoc,mckenney-lacan-theory/02.5_Personality_Frameworks,Entitlement_Exploitativeness,1woJ7uHRuwJkpm-x36_MIdz20KxpBD0Pb_OvziBKzU-w,https://docs.google.com/document/d/1woJ7uHRuwJkpm-x36_MIdz20KxpBD0Pb_OvziBKzU-w/edit
mckenney-lacan-theory/02.5_Personality_Frameworks/Extraversion.md.gdoc,mckenney-lacan-theory/02.5_Personality_Frameworks,Extraversion,14-jL26RFujcfPWomXk8zjdKXXPNmF-G94nAtv_DTlkE,https://docs.google.com/document/d/14-jL26RFujcfPWomXk8zjdKXXPNmF-G94nAtv_DTlkE/edit
mckenney-lacan-theory/02.5_Personality_Frameworks/Fearful_Avoidant_Attachment.md.gdoc,mckenney-lacan-theory/02.5_Personality_Frameworks,Fearful_Avoidant_Attachment,1jy-Fz1dBcHX6hD1ytaMKvs_xWAZkHFVtANpu3nmsfZ4,https://docs.google.com/document/d/1jy-Fz1dBcHX6hD1ytaMKvs_xWAZkHFVtANpu3nmsfZ4/edit
mckenney-lacan-theory/02.5_Personality_Frameworks/Grandiosity_Leadership.md.gdoc,mckenney-lacan-theory/02.5_Personality_Frameworks,Grandiosity_Leadership,1__CX4apjGpeWdIUcbF22tcls3NrhxnpSmym5k-IVS0g,https://docs.google.com/document/d/1__CX4apjGpeWdIUcbF22tcls3NrhxnpSmym5k-IVS0g/edit
mckenney-lacan-theory/02.5_Personality_Frameworks/HEXACO_Profiles.md.gdoc,mckenney-lacan-theory/02.5_Personality_Frameworks,HEXACO_Profiles,1NC6FPdOex1LZxdXhiyhyyXi0qSEt4DsYpPhPw6hsr4Y,https://docs.google.com/document/d/1NC6FPdOex1LZxdXhiyhyyXi0qSEt4DsYpPhPw6hsr4Y/edit
mckenney-lacan-theory/02.5_Personality_Frameworks/Honesty-Humility.md.gdoc,mckenney-lacan-theory/02.5_Personality_Frameworks,Honesty-Humility,17B_dJbPzTWTZ7xB59zcGPDY3M-RJ50UzZSVQoeIvx_s,https://docs.google.com/document/d/17B_dJbPzTWTZ7xB59zcGPDY3M-RJ50UzZSVQoeIvx_s/edit
mckenney-lacan-theory/02.5_Personality_Frameworks/INFJ_Type.md.gdoc,mckenney-lacan-theory/02.5_Personality_Frameworks,INFJ_Type,1ZqHM0z8u5z3J__1CAJv-VTSBUETEvCi6Drgnc_-3TNY,https://docs.google.com/document/d/1ZqHM0z8u5z3J__1CAJv-VTSBUETEvCi6Drgnc_-3TNY/edit
mckenney-lacan-theory/02.5_Personality_Frameworks/INFP_Type.md.gdoc,mckenney-lacan-theory/02.5_Personality_Frameworks,INFP_Type,1YVD4Bq_3ySJyZZY9j6jVtI15US7iuGGy_XWNgpmy9d4,https://docs.google.com/document/d/1YVD4Bq_3ySJyZZY9j6jVtI15US7iuGGy_XWNgpmy9d4/edit
mckenney-lacan-theory/02.5_Personality_Frameworks/INTJ_Type.md.gdoc,mckenney-lacan-theory/02.5_Personality_Frameworks,INTJ_Type,1K55xJ9E1jQsklARkgYR3b48TFoEJuZbVUatJ6c_MpK0,https://docs.google.com/document/d/1K55xJ9E1jQsklARkgYR3b48TFoEJuZbVUatJ6c_MpK0/edit
mckenney-lacan-theory/02.5_Personality_Frameworks/INTP_Type.md.gdoc,mckenney-lacan-theory/02.5_Personality_Frameworks,INTP_Type,1xKcwuosYrCfY3aWYbJziLeCqbG4Eoaf3PhSiQ380TN0,https://docs.google.com/document/d/1xKcwuosYrCfY3aWYbJziLeCqbG4Eoaf3PhSiQ380TN0/edit
mckenney-lacan-theory/02.5_Personality_Frameworks/ISFJ_Type.md.gdoc,mckenney-lacan-theory/02.5_Personality_Frameworks,ISFJ_Type,1oItRxEu5OwLtcAR4lndL7cUA-csQY6Q7Xkol9FbPiEw,https://docs.google.com/document/d/1oItRxEu5OwLtcAR4lndL7cUA-csQY6Q7Xkol9FbPiEw/edit
mckenney-lacan-theory/02.5_Personality_Frameworks/ISFP_Type.md.gdoc,mckenney-lacan-theory/02.5_Personality_Frameworks,ISFP_Type,1cBTfRfLfBfqW4lbWgQdFkFqLn6frZKTBRfJoHHc1VnE,https://docs.google.com/document/d/1cBTfRfLfBfqW4lbWgQdFkFqLn6frZKTBRfJoHHc1VnE/edit
mckenney-lacan-theory/02.5_Personality_Frameworks/ISTJ_Type.md.gdoc,mckenney-lacan-theory/02.5_Personality_Frameworks,ISTJ_Type,1XLofPafgp1yj1aqMFuw2gX3QU3tRncnSTWMneHZlJGs,https://docs.google.com/document/d/1XLofPafgp1yj1aqMFuw2gX3QU3tRncnSTWMneHZlJGs/edit
mckenney-lacan-theory/02.5_Personality_Frameworks/ISTP_Type.md.gdoc,mckenney-lacan-theory/02.5_Personality_Frameworks,ISTP_Type,1S6envdkLEFrJ_0oV1OaSCyGQKQylgWprP9QDPBdlxt4,https://docs.google.com/document/d/1S6envdkLEFrJ_0oV1OaSCyGQKQylgWprP9QDPBdlxt4/edit
mckenney-lacan-theory/02.5_Personality_Frameworks/Manipulation_Deception.md.gdoc,mckenney-lacan-theory/02.5_Personality_Frameworks,Manipulation_Deception,1Kk-4Dlo-nqgNNo3NkaLotC5gDvesAsc-Yx1TzCRKOBk,https://docs.google.com/document/d/1Kk-4Dlo-nqgNNo3NkaLotC5gDvesAsc-Yx1TzCRKOBk/edit
mckenney-lacan-theory/02.5_Personality_Frameworks/Openness.md.gdoc,mckenney-lacan-theory/02.5_Personality_Frameworks,Openness,1B78svM9x408OH60ShmLSdpmRDpBQUpZ4u8pDECbsb6U,https://docs.google.com/document/d/1B78svM9x408OH60ShmLSdpmRDpBQUpZ4u8pDECbsb6U/edit
mckenney-lacan-theory/02.5_Personality_Frameworks/Organizational_Attachment.md.gdoc,mckenney-lacan-theory/02.5_Personality_Frameworks,Organizational_Attachment,1YtRJs_EeZcrjNZMiAanJs_TnDa2jgQ1rT63Os7CvRW8,https://docs.google.com/document/d/1YtRJs_EeZcrjNZMiAanJs_TnDa2jgQ1rT63Os7CvRW8/edit
mckenney-lacan-theory/02.5_Personality_Frameworks/README.md.gdoc,mckenney-lacan-theory/02.5_Personality_Frameworks,README,1vnwJiBKyvwIkUXSQL8NZEt-EGyLlVSoA_ye1B7WFV88,https://docs.google.com/document/d/1vnwJiBKyvwIkUXSQL8NZEt-EGyLlVSoA_ye1B7WFV88/edit
mckenney-lacan-theory/02.5_Personality_Frameworks/Secure_Attachment.md.gdoc,mckenney-lacan-theory/02.5_Personality_Frameworks,Secure_Attachment,19u_sS9zFd1-TxZKgXlUfM-dmB8Ah5nHrfgJQ5lGPKvg,https://docs.google.com/document/d/19u_sS9zFd1-TxZKgXlUfM-dmB8Ah5nHrfgJQ5lGPKvg/edit
mckenney-lacan-theory/02.5_Personality_Frameworks/Security_Culture_Implications.md.gdoc,mckenney-lacan-theory/02.5_Personality_Frameworks,Security_Culture_Implications,1Bq3QVdoJGDGdLd_Gw-K1hawHytr7HxyhcKOPYsB9UnA,https://docs.google.com/document/d/1Bq3QVdoJGDGdLd_Gw-K1hawHytr7HxyhcKOPYsB9UnA/edit
mckenney-lacan-theory/02.5_Personality_Frameworks/Trust_Betrayal_Dynamics.md.gdoc,mckenney-lacan-theory/02.5_Personality_Frameworks,Trust_Betrayal_Dynamics,1WbFAtKzmuFCoHuF_4UmlbZZoS0w6jvhtkptdzTG16i8,https://docs.google.com/document/d/1WbFAtKzmuFCoHuF_4UmlbZZoS0w6jvhtkptdzTG16i8/edit
mckenney-lacan-theory/02.5_Personality_Frameworks/Type_1_Perfectionist.md.gdoc,mckenney-lacan-theory/02.5_Personality_Frameworks,Type_1_Perfectionist,1qiVRx5JCZw_13ryN5MIS6tXnQf5Hkdi2dZ5Pchc5kKM,https://docs.google.com/document/d/1qiVRx5JCZw_13ryN5MIS6tXnQf5Hkdi2dZ5Pchc5kKM/edit
mckenney-lacan-theory/02.5_Personality_Frameworks/Type_2_Helper.md.gdoc,mckenney-lacan-theory/02.5_Personality_Frameworks,Type_2_Helper,1W32bprn2Mw7ZXsN-dAJ4t4Vo1kdwpWfCbe3Gk4eOXus,https://docs.google.com/document/d/1W32bprn2Mw7ZXsN-dAJ4t4Vo1kdwpWfCbe3Gk4eOXus/edit
mckenney-lacan-theory/02.5_Personality_Frameworks/Type_3_Achiever.md.gdoc,mckenney-lacan-theory/02.5_Personality_Frameworks,Type_3_Achiever,1zmFzUt4HRqwon-WUom6hiuDV_VA073Q6MVl6mtYO_Us,https://docs.google.com/document/d/1zmFzUt4HRqwon-WUom6hiuDV_VA073Q6MVl6mtYO_Us/edit
mckenney-lacan-theory/02.5_Personality_Frameworks/Type_4_Individualist.md.gdoc,mckenney-lacan-theory/02.5_Personality_Frameworks,Type_4_Individualist,1bo5GAzuD24ts5D2kEtzYusBgnyd4z_8qe91wzrJN-KI,https://docs.google.com/document/d/1bo5GAzuD24ts5D2kEtzYusBgnyd4z_8qe91wzrJN-KI/edit
mckenney-lacan-theory/02.5_Personality_Frameworks/Type_5_Investigator.md.gdoc,mckenney-lacan-theory/02.5_Personality_Frameworks,Type_5_Investigator,1YgciDknFX4xS0bQSVfVlkg1JaHiaYSmRZ1cPQLyXzno,https://docs.google.com/document/d/1YgciDknFX4xS0bQSVfVlkg1JaHiaYSmRZ1cPQLyXzno/edit
mckenney-lacan-theory/02.5_Personality_Frameworks/Type_6_Loyalist.md.gdoc,mckenney-lacan-theory/02.5_Personality_Frameworks,Type_6_Loyalist,1-nBIGsC_9JdXeUHf7VBVy8rrmXy5h-BTCcSwGUk2OYA,https://docs.google.com/document/d/1-nBIGsC_9JdXeUHf7VBVy8rrmXy5h-BTCcSwGUk2OYA/edit
mckenney-lacan-theory/02.5_Personality_Frameworks/Type_7_Enthusiast.md.gdoc,mckenney-lacan-theory/02.5_Personality_Frameworks,Type_7_Enthusiast,1jRt5el2LeeJIPVQQOa3uALrx2dl87dHSfGIuN6mfSFI,https://docs.google.com/document/d/1jRt5el2LeeJIPVQQOa3uALrx2dl87dHSfGIuN6mfSFI/edit
mckenney-lacan-theory/02.5_Personality_Frameworks/Type_8_Challenger.md.gdoc,mckenney-lacan-theory/02.5_Personality_Frameworks,Type_8_Challenger,1x71WLf7hgqE2zC2wxbd2iJE1TbZC74PnDw9Jom6RJOI,https://docs.google.com/document/d/1x71WLf7hgqE2zC2wxbd2iJE1TbZC74PnDw9Jom6RJOI/edit
mckenney-lacan-theory/02.5_Personality_Frameworks/Type_9_Peacemaker.md.gdoc,mckenney-lacan-theory/02.5_Personality_Frameworks,Type_9_Peacemaker,10FkYWZpu1f-W23B-c9A4JZjHy_6Kanv_kp8MRjJm68U,https://docs.google.com/document/d/10FkYWZpu1f-W23B-c9A4JZjHy_6Kanv_kp8MRjJm68U/edit
mckenney-lacan-theory/02.5_Personality_Frameworks/Type_Dynamics.md.gdoc,mckenney-lacan-theory/02.5_Personality_Frameworks,Type_Dynamics,1ljXYjDpscHl-M196VUAD7ba9Jbs710dGeGaSfV2dlPU,https://docs.google.com/document/d/1ljXYjDpscHl-M196VUAD7ba9Jbs710dGeGaSfV2dlPU/edit
mckenney-lacan-theory/02.5_Personality_Frameworks/Vulnerability_Covert_Narcissism.md.gdoc,mckenney-lacan-theory/02.5_Personality_Frameworks,Vulnerability_Covert_Narcissism,1j04vaaChNaZjDEMki5-rkXXg--idpyRw4D8hY8mRexI,https://docs.google.com/document/d/1j04vaaChNaZjDEMki5-rkXXg--idpyRw4D8hY8mRexI/edit
mckenney-lacan-theory/02.5_Personality_Frameworks/Wings_Integration_Paths.md.gdoc,mckenney-lacan-theory/02.5_Personality_Frameworks,Wings_Integration_Paths,1o_NvpACA6pVs89no-r-RjBnVU6-q9swmqMojoGnunDg,https://docs.google.com/document/d/1o_NvpACA6pVs89no-r-RjBnVU6-q9swmqMojoGnunDg/edit
mckenney-lacan-theory/02_biases/Unfiied_Framework_Biases_Mckenney/Biases_individual/01_Availability_Heuristic_Security.md.gdoc,mckenney-lacan-theory/02_biases/Unfiied_Framework_Biases_Mckenney/Biases_individual,01_Availability_Heuristic_Security,1ueSjmeRhb6fGfjifE8jVn4chmBO8DKznnBJA0ZVJuKw,https://docs.google.com/document/d/1ueSjmeRhb6fGfjifE8jVn4chmBO8DKznnBJA0ZVJuKw/edit
mckenney-lacan-theory/02_biases/Unfiied_Framework_Biases_Mckenney/Biases_individual/01_Base_Rate_Fallacy_Threat_Assessment.md.gdoc,mckenney-lacan-theory/02_biases/Unfiied_Framework_Biases_Mckenney/Biases_individual,01_Base_Rate_Fallacy_Threat_Assessment,1gRNIPqT8_uY8D9QPu1Nhm1Scwdz0JBUcVWStO1RQab4,https://docs.google.com/document/d/1gRNIPqT8_uY8D9QPu1Nhm1Scwdz0JBUcVWStO1RQab4/edit
mckenney-lacan-theory/02_biases/Unfiied_Framework_Biases_Mckenney/Biases_individual/01_Cognitive_Biases_In_Security_Operations.md.gdoc,mckenney-lacan-theory/02_biases/Unfiied_Framework_Biases_Mckenney/Biases_individual,01_Cognitive_Biases_In_Security_Operations,1iIty062uuiFet11t0czpEvk9sTMInMTHKz_ws8O8EVM,https://docs.google.com/document/d/1iIty062uuiFet11t0czpEvk9sTMInMTHKz_ws8O8EVM/edit
mckenney-lacan-theory/02_biases/Unfiied_Framework_Biases_Mckenney/Biases_individual/01_Hindsight_Bias_Incident_Analysis.md.gdoc,mckenney-lacan-theory/02_biases/Unfiied_Framework_Biases_Mckenney/Biases_individual,01_Hindsight_Bias_Incident_Analysis,1uZj2aIh_DWgPu79wg78b2p8d-OsEJyVjyL4i4S3qyD4,https://docs.google.com/document/d/1uZj2aIh_DWgPu79wg78b2p8d-OsEJyVjyL4i4S3qyD4/edit
mckenney-lacan-theory/02_biases/Unfiied_Framework_Biases_Mckenney/Biases_individual/01_Ingroup_Bias_Team_Dynamics.md.gdoc,mckenney-lacan-theory/02_biases/Unfiied_Framework_Biases_Mckenney/Biases_individual,01_Ingroup_Bias_Team_Dynamics,1j8nins5LyhmnLlYxXtI9d9biI8Q2ZJVV81kWPegarOs,https://docs.google.com/document/d/1j8nins5LyhmnLlYxXtI9d9biI8Q2ZJVV81kWPegarOs/edit
mckenney-lacan-theory/02_biases/Unfiied_Framework_Biases_Mckenney/Biases_individual/02_Anchoring_Bias_Risk_Assessment.md.gdoc,mckenney-lacan-theory/02_biases/Unfiied_Framework_Biases_Mckenney/Biases_individual,02_Anchoring_Bias_Risk_Assessment,18sbPIB33S5yXyx2bSV4aR_UFgzd4VOmCUkNixvFF_qE,https://docs.google.com/document/d/18sbPIB33S5yXyx2bSV4aR_UFgzd4VOmCUkNixvFF_qE/edit
mckenney-lacan-theory/02_biases/Unfiied_Framework_Biases_Mckenney/Biases_individual/02_Behavioral_Economics_Security_Decisions.md.gdoc,mckenney-lacan-theory/02_biases/Unfiied_Framework_Biases_Mckenney/Biases_individual,02_Behavioral_Economics_Security_Decisions,1Fx7hzA2ov2NEWO-BFwzgF9e7-dJS_RKCWWbiDXuxSOc,https://docs.google.com/document/d/1Fx7hzA2ov2NEWO-BFwzgF9e7-dJS_RKCWWbiDXuxSOc/edit
mckenney-lacan-theory/02_biases/Unfiied_Framework_Biases_Mckenney/Biases_individual/02_Fundamental_Attribution_Error.md.gdoc,mckenney-lacan-theory/02_biases/Unfiied_Framework_Biases_Mckenney/Biases_individual,02_Fundamental_Attribution_Error,18Z16n4Ef-Yg4BgyJ1KKCiU0Y96N3iiNif2c8jrbK3hA,https://docs.google.com/document/d/18Z16n4Ef-Yg4BgyJ1KKCiU0Y96N3iiNif2c8jrbK3hA/edit
mckenney-lacan-theory/02_biases/Unfiied_Framework_Biases_Mckenney/Biases_individual/03_Insider_Threat_Cognitive_Biases.md.gdoc,mckenney-lacan-theory/02_biases/Unfiied_Framework_Biases_Mckenney/Biases_individual,03_Insider_Threat_Cognitive_Biases,1eD302axMUfzkYzFbhHGCiQVsZqfaRm1Xh0WTmjXMAW4,https://docs.google.com/document/d/1eD302axMUfzkYzFbhHGCiQVsZqfaRm1Xh0WTmjXMAW4/edit
mckenney-lacan-theory/02_biases/Unfiied_Framework_Biases_Mckenney/Biases_individual/03_Sunk_Cost_Fallacy_Security.md.gdoc,mckenney-lacan-theory/02_biases/Unfiied_Framework_Biases_Mckenney/Biases_individual,03_Sunk_Cost_Fallacy_Security,1Cv__adNjXbfwNlCB6ApwEz7n7WzikDZwHoSgomDxdCc,https://docs.google.com/document/d/1Cv__adNjXbfwNlCB6ApwEz7n7WzikDZwHoSgomDxdCc/edit
mckenney-lacan-theory/02_biases/Unfiied_Framework_Biases_Mckenney/Biases_individual/04_Framing_Effect_Security_Communications.md.gdoc,mckenney-lacan-theory/02_biases/Unfiied_Framework_Biases_Mckenney/Biases_individual,04_Framing_Effect_Security_Communications,1YojEqKReFh4zNrSddiw8Xi0LX6B5z2EM19LhjYXMNOw,https://docs.google.com/document/d/1YojEqKReFh4zNrSddiw8Xi0LX6B5z2EM19LhjYXMNOw/edit
mckenney-lacan-theory/02_biases/Unfiied_Framework_Biases_Mckenney/Biases_individual/04_Social_Engineering_Cognitive_Exploits.md.gdoc,mckenney-lacan-theory/02_biases/Unfiied_Framework_Biases_Mckenney/Biases_individual,04_Social_Engineering_Cognitive_Exploits,1ck2iTaq2bAdyvpGETNTcf2EfVi5e-XBDLMkBRzDA3mk,https://docs.google.com/document/d/1ck2iTaq2bAdyvpGETNTcf2EfVi5e-XBDLMkBRzDA3mk/edit
mckenney-lacan-theory/02_biases/Unfiied_Framework_Biases_Mckenney/Biases_individual/05_Status_Quo_Bias.md.gdoc,mckenney-lacan-theory/02_biases/Unfiied_Framework_Biases_Mckenney/Biases_individual,05_Status_Quo_Bias,1bD3550bsiVQlpmMt52V8Hu7OCdRCmKUEyc_nc4tEDLA,https://docs.google.com/document/d/1bD3550bsiVQlpmMt52V8Hu7OCdRCmKUEyc_nc4tEDLA/edit
mckenney-lacan-theory/02_biases/Unfiied_Framework_Biases_Mckenney/Biases_individual/06_Representativeness_Heuristic.md.gdoc,mckenney-lacan-theory/02_biases/Unfiied_Framework_Biases_Mckenney/Biases_individual,06_Representativeness_Heuristic,1OBG_WRufxi40VcW6a6EpTZ8kScDnlL0xQ8wsLfVPRVI,https://docs.google.com/document/d/1OBG_WRufxi40VcW6a6EpTZ8kScDnlL0xQ8wsLfVPRVI/edit
mckenney-lacan-theory/02_biases/Unfiied_Framework_Biases_Mckenney/Biases_individual/07_Confirmation_Bias_Investigation.md.gdoc,mckenney-lacan-theory/02_biases/Unfiied_Framework_Biases_Mckenney/Biases_individual,07_Confirmation_Bias_Investigation,1sZ1QqsNtPimLuv_aDQA5AvhjyftjgHl5s3tRkwHXdZU,https://docs.google.com/document/d/1sZ1QqsNtPimLuv_aDQA5AvhjyftjgHl5s3tRkwHXdZU/edit
mckenney-lacan-theory/02_biases/Unfiied_Framework_Biases_Mckenney/Biases_individual/08_Overconfidence_Bias_Security.md.gdoc,mckenney-lacan-theory/02_biases/Unfiied_Framework_Biases_Mckenney/Biases_individual,08_Overconfidence_Bias_Security,1dt7c17ELPWiMdmAJiGhFk6V1kR-ss__8PBRu0LbbRZ4,https://docs.google.com/document/d/1dt7c17ELPWiMdmAJiGhFk6V1kR-ss__8PBRu0LbbRZ4/edit
mckenney-lacan-theory/02_biases/Unfiied_Framework_Biases_Mckenney/Biases_individual/Attentional_Bias_Threat.md.gdoc,mckenney-lacan-theory/02_biases/Unfiied_Framework_Biases_Mckenney/Biases_individual,Attentional_Bias_Threat,1rYNCfcdxDyItlsYCe5h8hqPQVxygr_M1aE3_awI5zHg,https://docs.google.com/document/d/1rYNCfcdxDyItlsYCe5h8hqPQVxygr_M1aE3_awI5zHg/edit
mckenney-lacan-theory/02_biases/Unfiied_Framework_Biases_Mckenney/Biases_individual/Authority_Bias.md.gdoc,mckenney-lacan-theory/02_biases/Unfiied_Framework_Biases_Mckenney/Biases_individual,Authority_Bias,17lx5kdYEsNahC3FMcFHLhBFQi9bFy4rG7pnYWBx8I_0,https://docs.google.com/document/d/17lx5kdYEsNahC3FMcFHLhBFQi9bFy4rG7pnYWBx8I_0/edit
mckenney-lacan-theory/02_biases/Unfiied_Framework_Biases_Mckenney/Biases_individual/Bandwagon_Effect_Bias.md.gdoc,mckenney-lacan-theory/02_biases/Unfiied_Framework_Biases_Mckenney/Biases_individual,Bandwagon_Effect_Bias,1Endf6_YaambcOz6VueNWERT3n1l37cl9z99c-BO4KFI,https://docs.google.com/document/d/1Endf6_YaambcOz6VueNWERT3n1l37cl9z99c-BO4KFI/edit
mckenney-lacan-theory/02_biases/Unfiied_Framework_Biases_Mckenney/Biases_individual/Base_Rate_Fallacy_Bias.md.gdoc,mckenney-lacan-theory/02_biases/Unfiied_Framework_Biases_Mckenney/Biases_individual,Base_Rate_Fallacy_Bias,11mE5h35NQUhFf618TFFZTzBAu5DbOIaweT-HzyU1XSo,https://docs.google.com/document/d/11mE5h35NQUhFf618TFFZTzBAu5DbOIaweT-HzyU1XSo/edit
mckenney-lacan-theory/02_biases/Unfiied_Framework_Biases_Mckenney/Biases_individual/COMPLETION_REPORT.md.gdoc,mckenney-lacan-theory/02_biases/Unfiied_Framework_Biases_Mckenney/Biases_individual,COMPLETION_REPORT,1qlYxIBhBirq_d32j2pdeKbk8nn9-0pioVlj8nTYShs8,https://docs.google.com/document/d/1qlYxIBhBirq_d32j2pdeKbk8nn9-0pioVlj8nTYShs8/edit
mckenney-lacan-theory/02_biases/Unfiied_Framework_Biases_Mckenney/Biases_individual/Change_Blindness_Bias.md.gdoc,mckenney-lacan-theory/02_biases/Unfiied_Framework_Biases_Mckenney/Biases_individual,Change_Blindness_Bias,1bstQnr1_SDJwsVfW-y0bNKksAgOwH4rsTAmPI1g3mP8,https://docs.google.com/document/d/1bstQnr1_SDJwsVfW-y0bNKksAgOwH4rsTAmPI1g3mP8/edit
mckenney-lacan-theory/02_biases/Unfiied_Framework_Biases_Mckenney/Biases_individual/Cocktail_Party_Effect_Bias.md.gdoc,mckenney-lacan-theory/02_biases/Unfiied_Framework_Biases_Mckenney/Biases_individual,Cocktail_Party_Effect_Bias,1oSpvINU9c2hdspcOcH1246LL8Q2Hhd4zflyxGeSw5hU,https://docs.google.com/document/d/1oSpvINU9c2hdspcOcH1246LL8Q2Hhd4zflyxGeSw5hU/edit
mckenney-lacan-theory/02_biases/Unfiied_Framework_Biases_Mckenney/Biases_individual/Conjunction_Fallacy_Bias.md.gdoc,mckenney-lacan-theory/02_biases/Unfiied_Framework_Biases_Mckenney/Biases_individual,Conjunction_Fallacy_Bias,12V-ReG5Kqv9FL2adywXECh9DKMDAPw1fSXY37DKlCt8,https://docs.google.com/document/d/12V-ReG5Kqv9FL2adywXECh9DKMDAPw1fSXY37DKlCt8/edit
mckenney-lacan-theory/02_biases/Unfiied_Framework_Biases_Mckenney/Biases_individual/Cryptomnesia_Bias.md.gdoc,mckenney-lacan-theory/02_biases/Unfiied_Framework_Biases_Mckenney/Biases_individual,Cryptomnesia_Bias,12mASmPDosspbA82COEEtifvm7JqqeUrfWPqylncpFf4,https://docs.google.com/document/d/12mASmPDosspbA82COEEtifvm7JqqeUrfWPqylncpFf4/edit
mckenney-lacan-theory/02_biases/Unfiied_Framework_Biases_Mckenney/Biases_individual/EXECUTIVE_SUMMARY.md.gdoc,mckenney-lacan-theory/02_biases/Unfiied_Framework_Biases_Mckenney/Biases_individual,EXECUTIVE_SUMMARY,1SwPvA3ynxavxzfFtcQt4kvLNgZ5GYl3SVaIRv0HCbpA,https://docs.google.com/document/d/1SwPvA3ynxavxzfFtcQt4kvLNgZ5GYl3SVaIRv0HCbpA/edit
mckenney-lacan-theory/02_biases/Unfiied_Framework_Biases_Mckenney/Biases_individual/False_Consensus_Effect_Bias.md.gdoc,mckenney-lacan-theory/02_biases/Unfiied_Framework_Biases_Mckenney/Biases_individual,False_Consensus_Effect_Bias,1Bq1p1szg43LF3dK7cn1yLqMVRrjmyNpBgkkS6Ja1_es,https://docs.google.com/document/d/1Bq1p1szg43LF3dK7cn1yLqMVRrjmyNpBgkkS6Ja1_es/edit
mckenney-lacan-theory/02_biases/Unfiied_Framework_Biases_Mckenney/Biases_individual/False_Memory_Bias.md.gdoc,mckenney-lacan-theory/02_biases/Unfiied_Framework_Biases_Mckenney/Biases_individual,False_Memory_Bias,1na7uLz8-4McjqGYMBgMOSDLFD_fHmrn2Q1okqGKnJzQ,https://docs.google.com/document/d/1na7uLz8-4McjqGYMBgMOSDLFD_fHmrn2Q1okqGKnJzQ/edit
mckenney-lacan-theory/02_biases/Unfiied_Framework_Biases_Mckenney/Biases_individual/Frequency_Illusion_Bias.md.gdoc,mckenney-lacan-theory/02_biases/Unfiied_Framework_Biases_Mckenney/Biases_individual,Frequency_Illusion_Bias,1k1Dz8RbvUDHyPwJXAEZeChV3SRTJL1Fw-QYFv9M0of8,https://docs.google.com/document/d/1k1Dz8RbvUDHyPwJXAEZeChV3SRTJL1Fw-QYFv9M0of8/edit
mckenney-lacan-theory/02_biases/Unfiied_Framework_Biases_Mckenney/Biases_individual/Gamblers_Fallacy_Bias.md.gdoc,mckenney-lacan-theory/02_biases/Unfiied_Framework_Biases_Mckenney/Biases_individual,Gamblers_Fallacy_Bias,1ZeNHFVQcvxdKQSmrBcxWR2AFGjae9m-AHDmlMSkSKkY,https://docs.google.com/document/d/1ZeNHFVQcvxdKQSmrBcxWR2AFGjae9m-AHDmlMSkSKkY/edit
mckenney-lacan-theory/02_biases/Unfiied_Framework_Biases_Mckenney/Biases_individual/Groupthink_Bias.md.gdoc,mckenney-lacan-theory/02_biases/Unfiied_Framework_Biases_Mckenney/Biases_individual,Groupthink_Bias,17R4oDuUJMgBwltQVx-mxT1Z_3v5COR632ABRt9ruv14,https://docs.google.com/document/d/17R4oDuUJMgBwltQVx-mxT1Z_3v5COR632ABRt9ruv14/edit
mckenney-lacan-theory/02_biases/Unfiied_Framework_Biases_Mckenney/Biases_individual/Hot_Hand_Fallacy_Bias.md.gdoc,mckenney-lacan-theory/02_biases/Unfiied_Framework_Biases_Mckenney/Biases_individual,Hot_Hand_Fallacy_Bias,12agAAaixR7HSCtK0kZVOqq0h9meVikPIveleLeMdynw,https://docs.google.com/document/d/12agAAaixR7HSCtK0kZVOqq0h9meVikPIveleLeMdynw/edit
mckenney-lacan-theory/02_biases/Unfiied_Framework_Biases_Mckenney/Biases_individual/Inattentional_Blindness_Bias.md.gdoc,mckenney-lacan-theory/02_biases/Unfiied_Framework_Biases_Mckenney/Biases_individual,Inattentional_Blindness_Bias,1pnjxrlW-5HUacR6EUX_aBYGP0D4O9ra1okBpYrMMh5E,https://docs.google.com/document/d/1pnjxrlW-5HUacR6EUX_aBYGP0D4O9ra1okBpYrMMh5E/edit
mckenney-lacan-theory/02_biases/Unfiied_Framework_Biases_Mckenney/Biases_individual/Peak_End_Rule_Bias.md.gdoc,mckenney-lacan-theory/02_biases/Unfiied_Framework_Biases_Mckenney/Biases_individual,Peak_End_Rule_Bias,1wpcJNB2BfC7PF1Jq3KmobRMn8CUAbXU70rXfytMMN0E,https://docs.google.com/document/d/1wpcJNB2BfC7PF1Jq3KmobRMn8CUAbXU70rXfytMMN0E/edit
mckenney-lacan-theory/02_biases/Unfiied_Framework_Biases_Mckenney/Biases_individual/Pluralistic_Ignorance_Bias.md.gdoc,mckenney-lacan-theory/02_biases/Unfiied_Framework_Biases_Mckenney/Biases_individual,Pluralistic_Ignorance_Bias,1DFItSDG8fq3G0MF2Vvnl6l8L0TSVkxejbAkQF5hxuH8,https://docs.google.com/document/d/1DFItSDG8fq3G0MF2Vvnl6l8L0TSVkxejbAkQF5hxuH8/edit
mckenney-lacan-theory/02_biases/Unfiied_Framework_Biases_Mckenney/Biases_individual/Regression_to_Mean_Bias.md.gdoc,mckenney-lacan-theory/02_biases/Unfiied_Framework_Biases_Mckenney/Biases_individual,Regression_to_Mean_Bias,1alJBSIUzdVNUbAa3zQm-ChqYqRx9weeC7QN0QieeGx0,https://docs.google.com/document/d/1alJBSIUzdVNUbAa3zQm-ChqYqRx9weeC7QN0QieeGx0/edit
mckenney-lacan-theory/02_biases/Unfiied_Framework_Biases_Mckenney/Biases_individual/Rosy_Retrospection_Bias.md.gdoc,mckenney-lacan-theory/02_biases/Unfiied_Framework_Biases_Mckenney/Biases_individual,Rosy_Retrospection_Bias,13H5JsGx0r8McLUqGcQb_WLDXlbip-YNtqIDoZ8ZPuPo,https://docs.google.com/document/d/13H5JsGx0r8McLUqGcQb_WLDXlbip-YNtqIDoZ8ZPuPo/edit
mckenney-lacan-theory/02_biases/Unfiied_Framework_Biases_Mckenney/Biases_individual/Sample_Size_Neglect_Bias.md.gdoc,mckenney-lacan-theory/02_biases/Unfiied_Framework_Biases_Mckenney/Biases_individual,Sample_Size_Neglect_Bias,1HdD9VS2dNsNxeXNUmm3JgIcj9zUofnybGGct8PxcgjU,https://docs.google.com/document/d/1HdD9VS2dNsNxeXNUmm3JgIcj9zUofnybGGct8PxcgjU/edit
mckenney-lacan-theory/02_biases/Unfiied_Framework_Biases_Mckenney/Biases_individual/Selective_Attention_Bias.md.gdoc,mckenney-lacan-theory/02_biases/Unfiied_Framework_Biases_Mckenney/Biases_individual,Selective_Attention_Bias,1dS7bsFJLMmHUrM7R7Kl--XdfXLVv5yAeZ97w8XgnYXs,https://docs.google.com/document/d/1dS7bsFJLMmHUrM7R7Kl--XdfXLVv5yAeZ97w8XgnYXs/edit
mckenney-lacan-theory/02_biases/Unfiied_Framework_Biases_Mckenney/Biases_individual/Shared_Information_Bias.md.gdoc,mckenney-lacan-theory/02_biases/Unfiied_Framework_Biases_Mckenney/Biases_individual,Shared_Information_Bias,1EYeAlGgcZ60ItX_wn21jtaZq1QMXXb1sSZ6gtE2z62w,https://docs.google.com/document/d/1EYeAlGgcZ60ItX_wn21jtaZq1QMXXb1sSZ6gtE2z62w/edit
mckenney-lacan-theory/02_biases/Unfiied_Framework_Biases_Mckenney/Biases_individual/Social_Biases_Just_World_Hypothesis.md.gdoc,mckenney-lacan-theory/02_biases/Unfiied_Framework_Biases_Mckenney/Biases_individual,Social_Biases_Just_World_Hypothesis,1NAfi0F-aaGeFj4PqdRg_4T-AUtoCuw5tr6SUqrEu1dA,https://docs.google.com/document/d/1NAfi0F-aaGeFj4PqdRg_4T-AUtoCuw5tr6SUqrEu1dA/edit
mckenney-lacan-theory/02_biases/Unfiied_Framework_Biases_Mckenney/Biases_individual/Social_Biases_OutGroup_Homogeneity.md.gdoc,mckenney-lacan-theory/02_biases/Unfiied_Framework_Biases_Mckenney/Biases_individual,Social_Biases_OutGroup_Homogeneity,1ouJFlaUNJ7bfu7U9d08N3t51wngnYXvp_h3iZk79TXg,https://docs.google.com/document/d/1ouJFlaUNJ7bfu7U9d08N3t51wngnYXvp_h3iZk79TXg/edit
mckenney-lacan-theory/02_biases/Unfiied_Framework_Biases_Mckenney/Biases_individual/Social_Biases_Self_Serving.md.gdoc,mckenney-lacan-theory/02_biases/Unfiied_Framework_Biases_Mckenney/Biases_individual,Social_Biases_Self_Serving,1rlj3wvRoKEUeqvt7FfjFeXZGh2CBTZbadKxCzf4Hf_4,https://docs.google.com/document/d/1rlj3wvRoKEUeqvt7FfjFeXZGh2CBTZbadKxCzf4Hf_4/edit
mckenney-lacan-theory/02_biases/Unfiied_Framework_Biases_Mckenney/Biases_individual/Source_Confusion_Bias.md.gdoc,mckenney-lacan-theory/02_biases/Unfiied_Framework_Biases_Mckenney/Biases_individual,Source_Confusion_Bias,13RiHRg0zmd766fJ2r2_xe0vKydAcdei-q5tLLP8LYnc,https://docs.google.com/document/d/13RiHRg0zmd766fJ2r2_xe0vKydAcdei-q5tLLP8LYnc/edit
mckenney-lacan-theory/02_biases/Unfiied_Framework_Biases_Mckenney/Biases_individual/System_Justification_Bias.md.gdoc,mckenney-lacan-theory/02_biases/Unfiied_Framework_Biases_Mckenney/Biases_individual,System_Justification_Bias,1hDTfnMtG55jdpT-RETK1Zlyq50cne7nJJOxURRIvHLg,https://docs.google.com/document/d/1hDTfnMtG55jdpT-RETK1Zlyq50cne7nJJOxURRIvHLg/edit
mckenney-lacan-theory/06_mckenney_lacan_unified_theory/00_Deep_Layering_Plan.md.gdoc,mckenney-lacan-theory/06_mckenney_lacan_unified_theory,00_Deep_Layering_Plan,10cPcwL5etYwPklB9s4pI2PyJJnaEZD1Ra3IBkKDjhak,https://docs.google.com/document/d/10cPcwL5etYwPklB9s4pI2PyJJnaEZD1Ra3IBkKDjhak/edit
mckenney-lacan-theory/06_mckenney_lacan_unified_theory/00_Unified_Theory_Master_Index.md.gdoc,mckenney-lacan-theory/06_mckenney_lacan_unified_theory,00_Unified_Theory_Master_Index,1FpNOilDbxI22l-SpgG_oIIFeTvMh74rpDLh5peBwwOU,https://docs.google.com/document/d/1FpNOilDbxI22l-SpgG_oIIFeTvMh74rpDLh5peBwwOU/edit
mckenney-lacan-theory/06_mckenney_lacan_unified_theory/00_Unified_Theory_Master_Syllabus.md.gdoc,mckenney-lacan-theory/06_mckenney_lacan_unified_theory,00_Unified_Theory_Master_Syllabus,1aN3w6bRuM1GPeFaIk4omjz3oFbKt07EnD6umfAmBe0o,https://docs.google.com/document/d/1aN3w6bRuM1GPeFaIk4omjz3oFbKt07EnD6umfAmBe0o/edit
mckenney-lacan-theory/06_mckenney_lacan_unified_theory/01_Vol_00_Laymans_Primer.md.gdoc,mckenney-lacan-theory/06_mckenney_lacan_unified_theory,01_Vol_00_Laymans_Primer,1e73sototw7TMmOCdT9jKiVu4_t7UIPzPWm4AnI5R5j0,https://docs.google.com/document/d/1e73sototw7TMmOCdT9jKiVu4_t7UIPzPWm4AnI5R5j0/edit
mckenney-lacan-theory/06_mckenney_lacan_unified_theory/02_Vol_01_Foundations.md.gdoc,mckenney-lacan-theory/06_mckenney_lacan_unified_theory,02_Vol_01_Foundations,1C04fn9kjnHtjCHPcTPt_LKRvUeKsbIZgH9pzk96kTiI,https://docs.google.com/document/d/1C04fn9kjnHtjCHPcTPt_LKRvUeKsbIZgH9pzk96kTiI/edit
mckenney-lacan-theory/06_mckenney_lacan_unified_theory/02_Vol_II_Kinematics.md.gdoc,mckenney-lacan-theory/06_mckenney_lacan_unified_theory,02_Vol_II_Kinematics,1nfmMpjSjq2ntoBhYIgUw5xvO7nNxXRgn5LZifFIdZs4,https://docs.google.com/document/d/1nfmMpjSjq2ntoBhYIgUw5xvO7nNxXRgn5LZifFIdZs4/edit
mckenney-lacan-theory/06_mckenney_lacan_unified_theory/03_Vol_02_Kinematics.md.gdoc,mckenney-lacan-theory/06_mckenney_lacan_unified_theory,03_Vol_02_Kinematics,1be6GalCHl7Vcl07-MKWnq5ip2eWdZJ8cZfrXSJR4SXc,https://docs.google.com/document/d/1be6GalCHl7Vcl07-MKWnq5ip2eWdZJ8cZfrXSJR4SXc/edit
mckenney-lacan-theory/06_mckenney_lacan_unified_theory/03_Vol_III_Dynamics.md.gdoc,mckenney-lacan-theory/06_mckenney_lacan_unified_theory,03_Vol_III_Dynamics,1tFkgp_GaB4kQmE-DFwaOGCZqwbRZvt5B6WoTuEWQE1o,https://docs.google.com/document/d/1tFkgp_GaB4kQmE-DFwaOGCZqwbRZvt5B6WoTuEWQE1o/edit
mckenney-lacan-theory/06_mckenney_lacan_unified_theory/04_Vol_03_Dynamics.md.gdoc,mckenney-lacan-theory/06_mckenney_lacan_unified_theory,04_Vol_03_Dynamics,1JdUyFJhxwOLdf_-Trsp5BwNaVZgYcGrDiZjqA0YjBNI,https://docs.google.com/document/d/1JdUyFJhxwOLdf_-Trsp5BwNaVZgYcGrDiZjqA0YjBNI/edit
mckenney-lacan-theory/06_mckenney_lacan_unified_theory/04_Vol_IV_Directors_Score.md.gdoc,mckenney-lacan-theory/06_mckenney_lacan_unified_theory,04_Vol_IV_Directors_Score,1-uIoPsLvPZOIvpSdGuxjdvC091Ox9_DBFpu3SSAJCc8,https://docs.google.com/document/d/1-uIoPsLvPZOIvpSdGuxjdvC091Ox9_DBFpu3SSAJCc8/edit
mckenney-lacan-theory/06_mckenney_lacan_unified_theory/05_Vol_04_Network_Physics.md.gdoc,mckenney-lacan-theory/06_mckenney_lacan_unified_theory,05_Vol_04_Network_Physics,1TbK7nLNWb0wM-itjEPLsz2SKI86pkj3lEFxc_Pm-bYw,https://docs.google.com/document/d/1TbK7nLNWb0wM-itjEPLsz2SKI86pkj3lEFxc_Pm-bYw/edit
mckenney-lacan-theory/06_mckenney_lacan_unified_theory/05_Vol_V_Synthesis.md.gdoc,mckenney-lacan-theory/06_mckenney_lacan_unified_theory,05_Vol_V_Synthesis,16ZFB71WYRMfnA8aahl1lpceob_S2VGVuurASnqP84LM,https://docs.google.com/document/d/16ZFB71WYRMfnA8aahl1lpceob_S2VGVuurASnqP84LM/edit
mckenney-lacan-theory/06_mckenney_lacan_unified_theory/06_Vol_05_Thermodynamics.md.gdoc,mckenney-lacan-theory/06_mckenney_lacan_unified_theory,06_Vol_05_Thermodynamics,1kg3ohKMnEWEjg8LCGqTmlflJsah2hQv-y45ij2Q-J9g,https://docs.google.com/document/d/1kg3ohKMnEWEjg8LCGqTmlflJsah2hQv-y45ij2Q-J9g/edit
mckenney-lacan-theory/06_mckenney_lacan_unified_theory/06_Vol_VI_Technical_Architecture.md.gdoc,mckenney-lacan-theory/06_mckenney_lacan_unified_theory,06_Vol_VI_Technical_Architecture,1oTgi1lKel12uYTEeOvrJiBKRBSMgLQ3Y0lQbXTKy7aA,https://docs.google.com/document/d/1oTgi1lKel12uYTEeOvrJiBKRBSMgLQ3Y0lQbXTKy7aA/edit
mckenney-lacan-theory/06_mckenney_lacan_unified_theory/07_Vol_06_Technical_Architecture.md.gdoc,mckenney-lacan-theory/06_mckenney_lacan_unified_theory,07_Vol_06_Technical_Architecture,1NMl35mbNYhsiEA7x9pFaagjBpqbreJSYaMlybeNXdtw,https://docs.google.com/document/d/1NMl35mbNYhsiEA7x9pFaagjBpqbreJSYaMlybeNXdtw/edit
mckenney-lacan-theory/06_mckenney_lacan_unified_theory/07_Vol_VII_Bayesian_Prediction.md.gdoc,mckenney-lacan-theory/06_mckenney_lacan_unified_theory,07_Vol_VII_Bayesian_Prediction,1DneGcBFhkmnurJViSACJDUV_gUbFbik3SQxri6FyeBU,https://docs.google.com/document/d/1DneGcBFhkmnurJViSACJDUV_gUbFbik3SQxri6FyeBU/edit
mckenney-lacan-theory/06_mckenney_lacan_unified_theory/08_MoE_Critical_Review.md.gdoc,mckenney-lacan-theory/06_mckenney_lacan_unified_theory,08_MoE_Critical_Review,1SjrM8SJ65_MhyxDHFq2RkUZnr7H54HqfytxTZ3bzq8E,https://docs.google.com/document/d/1SjrM8SJ65_MhyxDHFq2RkUZnr7H54HqfytxTZ3bzq8E/edit
mckenney-lacan-theory/06_mckenney_lacan_unified_theory/08_Vol_07_Predictive_Mechanics.md.gdoc,mckenney-lacan-theory/06_mckenney_lacan_unified_theory,08_Vol_07_Predictive_Mechanics,1RNScVZDnfB6SB9JNLPIxQ8Y7gwOG8Tbr9xeDSc-iChI,https://docs.google.com/document/d/1RNScVZDnfB6SB9JNLPIxQ8Y7gwOG8Tbr9xeDSc-iChI/edit
mckenney-lacan-theory/06_mckenney_lacan_unified_theory/08_Vol_VIII_Psychohistory_Engine.md.gdoc,mckenney-lacan-theory/06_mckenney_lacan_unified_theory,08_Vol_VIII_Psychohistory_Engine,1x14JIVtJc5BPKD2-mrh-iLmTJ06lDtjBhaHOYrubmT4,https://docs.google.com/document/d/1x14JIVtJc5BPKD2-mrh-iLmTJ06lDtjBhaHOYrubmT4/edit
mckenney-lacan-theory/06_mckenney_lacan_unified_theory/09_Bibliography.md.gdoc,mckenney-lacan-theory/06_mckenney_lacan_unified_theory,09_Bibliography,1O3AyWCOoQndC-FDkFFrULeazr9Pd25G5oClN4yyJSIw,https://docs.google.com/document/d/1O3AyWCOoQndC-FDkFFrULeazr9Pd25G5oClN4yyJSIw/edit
mckenney-lacan-theory/06_mckenney_lacan_unified_theory/09_Vol_08_Psychohistory_Engine.md.gdoc,mckenney-lacan-theory/06_mckenney_lacan_unified_theory,09_Vol_08_Psychohistory_Engine,15hcP7EDfQObp2VzTjsa68KmIkZPe8onTUKzpzFiod0M,https://docs.google.com/document/d/15hcP7EDfQObp2VzTjsa68KmIkZPe8onTUKzpzFiod0M/edit
mckenney-lacan-theory/06_mckenney_lacan_unified_theory/10_Appendix_A_Math_Codex.md.gdoc,mckenney-lacan-theory/06_mckenney_lacan_unified_theory,10_Appendix_A_Math_Codex,1d6nqqHCD8NOfUL8syeML1YKBtMIsy-COrz3DbiWYefk,https://docs.google.com/document/d/1d6nqqHCD8NOfUL8syeML1YKBtMIsy-COrz3DbiWYefk/edit
mckenney-lacan-theory/06_mckenney_lacan_unified_theory/10_Vol_09_Reference_Bibliography.md.gdoc,mckenney-lacan-theory/06_mckenney_lacan_unified_theory,10_Vol_09_Reference_Bibliography,1JsaH4oQ4INmPl-EhMo6MRRDETBtZqbtyGxRAMTsoIu0,https://docs.google.com/document/d/1JsaH4oQ4INmPl-EhMo6MRRDETBtZqbtyGxRAMTsoIu0/edit
mckenney-lacan-theory/06_mckenney_lacan_unified_theory/11_Math_Integration_Plan_v9.2.md.gdoc,mckenney-lacan-theory/06_mckenney_lacan_unified_theory,11_Math_Integration_Plan_v9.2,1QKfH4UaMhfPCuTYlej5yV-Thr4jqxFMiceP0dNOJXKI,https://docs.google.com/document/d/1QKfH4UaMhfPCuTYlej5yV-Thr4jqxFMiceP0dNOJXKI/edit
mckenney-lacan-theory/06_mckenney_lacan_unified_theory/11_Vol_10_Appendix_Math_Codex.md.gdoc,mckenney-lacan-theory/06_mckenney_lacan_unified_theory,11_Vol_10_Appendix_Math_Codex,1I_FQw8CTWMpb9VNgwNeLjnYyGAsWQyKGw0hISWxAgVI,https://docs.google.com/document/d/1I_FQw8CTWMpb9VNgwNeLjnYyGAsWQyKGw0hISWxAgVI/edit
mckenney-lacan-theory/06_mckenney_lacan_unified_theory/12_Vol_11_Computational_Sim.md.gdoc,mckenney-lacan-theory/06_mckenney_lacan_unified_theory,12_Vol_11_Computational_Sim,1w35YKyc70mP6cPLIcMUzw93UpnFoMGPwsAsjxozOPFg,https://docs.google.com/document/d/1w35YKyc70mP6cPLIcMUzw93UpnFoMGPwsAsjxozOPFg/edit
mckenney-lacan-theory/06_mckenney_lacan_unified_theory/12_Vol_XII_Computational_Simulation.md.gdoc,mckenney-lacan-theory/06_mckenney_lacan_unified_theory,12_Vol_XII_Computational_Simulation,1bi9JQ2WhrEtyLAW7VD0Ar7v-nJZu-w92Cxia8vgVlxs,https://docs.google.com/document/d/1bi9JQ2WhrEtyLAW7VD0Ar7v-nJZu-w92Cxia8vgVlxs/edit
mckenney-lacan-theory/06_mckenney_lacan_unified_theory/13_Vol_12_Computational_Sim.md.gdoc,mckenney-lacan-theory/06_mckenney_lacan_unified_theory,13_Vol_12_Computational_Sim,1Ku7aa6t2qmU7wq7Y7h3xLwZjgt1C1eNgJ9HztGT30FI,https://docs.google.com/document/d/1Ku7aa6t2qmU7wq7Y7h3xLwZjgt1C1eNgJ9HztGT30FI/edit
mckenney-lacan-theory/06_mckenney_lacan_unified_theory/13_Vol_12_Digital_Twin.md.gdoc,mckenney-lacan-theory/06_mckenney_lacan_unified_theory,13_Vol_12_Digital_Twin,1LH0tyNg40wbkZBIBzccpfd_2ESX3lwQFNgm18Ity8U8,https://docs.google.com/document/d/1LH0tyNg40wbkZBIBzccpfd_2ESX3lwQFNgm18Ity8U8/edit
mckenney-lacan-theory/06_mckenney_lacan_unified_theory/13_Vol_XIII_Digital_Twin.md.gdoc,mckenney-lacan-theory/06_mckenney_lacan_unified_theory,13_Vol_XIII_Digital_Twin,1BwgxvABteo6BTwId7PUpCqXSEFC8TTd8YyKlnfAcE5k,https://docs.google.com/document/d/1BwgxvABteo6BTwId7PUpCqXSEFC8TTd8YyKlnfAcE5k/edit
mckenney-lacan-theory/06_mckenney_lacan_unified_theory/14_Vol_13_Digital_Twin.md.gdoc,mckenney-lacan-theory/06_mckenney_lacan_unified_theory,14_Vol_13_Digital_Twin,1s6018U3keQAtNFNChUmJ5BLadhRsN-PvljUMVgEz_Z4,https://docs.google.com/document/d/1s6018U3keQAtNFNChUmJ5BLadhRsN-PvljUMVgEz_Z4/edit
mckenney-lacan-theory/06_mckenney_lacan_unified_theory/14_Vol_13_Organizational_Physics.md.gdoc,mckenney-lacan-theory/06_mckenney_lacan_unified_theory,14_Vol_13_Organizational_Physics,1uXRc5ks5frRhbwRtOpEDpFgux0iF23vnaWOsbcAXrJ8,https://docs.google.com/document/d/1uXRc5ks5frRhbwRtOpEDpFgux0iF23vnaWOsbcAXrJ8/edit
mckenney-lacan-theory/06_mckenney_lacan_unified_theory/14_Vol_XIV_Organizational_Physics.md.gdoc,mckenney-lacan-theory/06_mckenney_lacan_unified_theory,14_Vol_XIV_Organizational_Physics,16E7N1GvECsIXlOCKUcQw_RdaLA00Sg10pxMyaPKcoug,https://docs.google.com/document/d/16E7N1GvECsIXlOCKUcQw_RdaLA00Sg10pxMyaPKcoug/edit
mckenney-lacan-theory/06_mckenney_lacan_unified_theory/15_Critique_Grand_Equation.md.gdoc,mckenney-lacan-theory/06_mckenney_lacan_unified_theory,15_Critique_Grand_Equation,1mbVTtmBioYvTRm7eAQ6fXwPvvC8Zcl2hW_q-Wk2eBD4,https://docs.google.com/document/d/1mbVTtmBioYvTRm7eAQ6fXwPvvC8Zcl2hW_q-Wk2eBD4/edit
mckenney-lacan-theory/06_mckenney_lacan_unified_theory/15_Vol_14_Advanced_Simulations.md.gdoc,mckenney-lacan-theory/06_mckenney_lacan_unified_theory,15_Vol_14_Advanced_Simulations,18mZPtnEPgvAQrMZerBUSEaCuq38jUkBoivhtGsxgi2g,https://docs.google.com/document/d/18mZPtnEPgvAQrMZerBUSEaCuq38jUkBoivhtGsxgi2g/edit
mckenney-lacan-theory/06_mckenney_lacan_unified_theory/15_Vol_14_Organizational_Physics.md.gdoc,mckenney-lacan-theory/06_mckenney_lacan_unified_theory,15_Vol_14_Organizational_Physics,1mk9Tv8RozfksG32p9NPtD4fKPPsch_FsFBZAxhIq9BI,https://docs.google.com/document/d/1mk9Tv8RozfksG32p9NPtD4fKPPsch_FsFBZAxhIq9BI/edit
mckenney-lacan-theory/06_mckenney_lacan_unified_theory/16_Vol_15_Advanced_Simulations.md.gdoc,mckenney-lacan-theory/06_mckenney_lacan_unified_theory,16_Vol_15_Advanced_Simulations,1IQpe-HEitgIqQZhhoNP9eTT-pTP0C48MLxk2Ru9Vn14,https://docs.google.com/document/d/1IQpe-HEitgIqQZhhoNP9eTT-pTP0C48MLxk2Ru9Vn14/edit
mckenney-lacan-theory/06_mckenney_lacan_unified_theory/16_Vol_15_Cognitive_Bias_Atlas.md.gdoc,mckenney-lacan-theory/06_mckenney_lacan_unified_theory,16_Vol_15_Cognitive_Bias_Atlas,1aQK18JlVB9QxzBnKae0TIohtFBP8fCkavbScXzYKA44,https://docs.google.com/document/d/1aQK18JlVB9QxzBnKae0TIohtFBP8fCkavbScXzYKA44/edit
mckenney-lacan-theory/06_mckenney_lacan_unified_theory/16_Vol_XV_Advanced_Simulations.md.gdoc,mckenney-lacan-theory/06_mckenney_lacan_unified_theory,16_Vol_XV_Advanced_Simulations,1J5OGpZESsDJBvnwLltVUUCYgewy3sZUrLL47u66I2fI,https://docs.google.com/document/d/1J5OGpZESsDJBvnwLltVUUCYgewy3sZUrLL47u66I2fI/edit
mckenney-lacan-theory/06_mckenney_lacan_unified_theory/17_Vol_16_Cognitive_Bias_Atlas.md.gdoc,mckenney-lacan-theory/06_mckenney_lacan_unified_theory,17_Vol_16_Cognitive_Bias_Atlas,1Dl4Y-424bIiIkuVc6phq7SGquSmRfnIFoRNo2FAbz7E,https://docs.google.com/document/d/1Dl4Y-424bIiIkuVc6phq7SGquSmRfnIFoRNo2FAbz7E/edit
mckenney-lacan-theory/06_mckenney_lacan_unified_theory/17_Vol_XVI_Cognitive_Bias_Atlas.md.gdoc,mckenney-lacan-theory/06_mckenney_lacan_unified_theory,17_Vol_XVI_Cognitive_Bias_Atlas,12FA7I83ut23qiPRTBDfBjZPNGe1isU3UMlSGeOBSU3U,https://docs.google.com/document/d/12FA7I83ut23qiPRTBDfBjZPNGe1isU3UMlSGeOBSU3U/edit
mckenney-lacan-theory/06_mckenney_lacan_unified_theory/90_Archive_Deep_Layering_Plan.md.gdoc,mckenney-lacan-theory/06_mckenney_lacan_unified_theory,90_Archive_Deep_Layering_Plan,1KIuMyQSdD8Xbbp1lG5dfPvTFjy8cm6MkfO2IS5jvm7s,https://docs.google.com/document/d/1KIuMyQSdD8Xbbp1lG5dfPvTFjy8cm6MkfO2IS5jvm7s/edit
mckenney-lacan-theory/06_mckenney_lacan_unified_theory/91_Archive_Master_Syllabus.md.gdoc,mckenney-lacan-theory/06_mckenney_lacan_unified_theory,91_Archive_Master_Syllabus,1HAH8ferKmRqs8qmO3_OaY234Bu306SXtOAdMotdu7K0,https://docs.google.com/document/d/1HAH8ferKmRqs8qmO3_OaY234Bu306SXtOAdMotdu7K0/edit
mckenney-lacan-theory/06_mckenney_lacan_unified_theory/92_Archive_MoE_Review.md.gdoc,mckenney-lacan-theory/06_mckenney_lacan_unified_theory,92_Archive_MoE_Review,1hsDn9_TFGofSrIoloGkwzqJhIrdQSeGX_MNwdTdiknk,https://docs.google.com/document/d/1hsDn9_TFGofSrIoloGkwzqJhIrdQSeGX_MNwdTdiknk/edit
mckenney-lacan-theory/06_mckenney_lacan_unified_theory/93_Archive_Math_Plan.md.gdoc,mckenney-lacan-theory/06_mckenney_lacan_unified_theory,93_Archive_Math_Plan,15_yGRsI8QEZUF3fbZrX3CZTBQDxQlbB5PFiA5SnsimY,https://docs.google.com/document/d/15_yGRsI8QEZUF3fbZrX3CZTBQDxQlbB5PFiA5SnsimY/edit
mckenney-lacan-theory/06_mckenney_lacan_unified_theory/94_Archive_Critique_Grand_Eq.md.gdoc,mckenney-lacan-theory/06_mckenney_lacan_unified_theory,94_Archive_Critique_Grand_Eq,1a9HYLn2roFm7ek0M7C_gQJzuTq7nZAuCQjR65Gr9jk8,https://docs.google.com/document/d/1a9HYLn2roFm7ek0M7C_gQJzuTq7nZAuCQjR65Gr9jk8/edit
mckenney-lacan-theory/07_Lacanian_Reference_Library/01_Lacanian_Glossary.md.gdoc,mckenney-lacan-theory/07_Lacanian_Reference_Library,01_Lacanian_Glossary,1RLx6VP1Q9Cvs_DP_xUZ0j8AhdbfyfpPF5AMsvflesDQ,https://docs.google.com/document/d/1RLx6VP1Q9Cvs_DP_xUZ0j8AhdbfyfpPF5AMsvflesDQ/edit
mckenney-lacan-theory/07_Lacanian_Reference_Library/02_Library_of_Works.md.gdoc,mckenney-lacan-theory/07_Lacanian_Reference_Library,02_Library_of_Works,1tW-NVi2EoFaZUeU78NuWcsiZcX8Aou0lnIeKoSXkjDI,https://docs.google.com/document/d/1tW-NVi2EoFaZUeU78NuWcsiZcX8Aou0lnIeKoSXkjDI/edit
mckenney-lacan-theory/07_Lacanian_Reference_Library/03_Concepts_and_Theories.md.gdoc,mckenney-lacan-theory/07_Lacanian_Reference_Library,03_Concepts_and_Theories,1nOrHWve98ixG99Lmja775BVQrUNhDJ-QgR_1kxe6qSc,https://docs.google.com/document/d/1nOrHWve98ixG99Lmja775BVQrUNhDJ-QgR_1kxe6qSc/edit
mckenney-lacan-theory/07_Lacanian_Reference_Library/04_Mathemes_and_Topology.md.gdoc,mckenney-lacan-theory/07_Lacanian_Reference_Library,04_Mathemes_and_Topology,1ow_uPKOib-m0MgvHDsssK5F_T7k61jGM1aHMHsPTM04,https://docs.google.com/document/d/1ow_uPKOib-m0MgvHDsssK5F_T7k61jGM1aHMHsPTM04/edit
mckenney-lacan-theory/07_Lacanian_Reference_Library/05_Use_Cases_and_Applications.md.gdoc,mckenney-lacan-theory/07_Lacanian_Reference_Library,05_Use_Cases_and_Applications,1DaFVoyGQ3Covz25fAF7QpyLvRvsaGKTOxkQq_Jg2swU,https://docs.google.com/document/d/1DaFVoyGQ3Covz25fAF7QpyLvRvsaGKTOxkQq_Jg2swU/edit
mckenney-lacan-theory/07_Lacanian_Reference_Library/Mckenney-lacan-calculus_4-0.md.gdoc,mckenney-lacan-theory/07_Lacanian_Reference_Library,Mckenney-lacan-calculus_4-0,1qzGDKC_vxoVptzGyeKwqEYp61ylWBO_9dSXD9PLB6fo,https://docs.google.com/document/d/1qzGDKC_vxoVptzGyeKwqEYp61ylWBO_9dSXD9PLB6fo/edit
mckenney-lacan-theory/10_References_antigravity/Antigravity_Autonomous_Workflows.md.gdoc,mckenney-lacan-theory/10_References_antigravity,Antigravity_Autonomous_Workflows,1VqTVRv_w8ugW4s1YinFfCoJyAAacPFu4jmltKO17S3M,https://docs.google.com/document/d/1VqTVRv_w8ugW4s1YinFfCoJyAAacPFu4jmltKO17S3M/edit
mckenney-lacan-theory/10_References_antigravity/Antigravity_Gemini_Antigravity Extensions.md.gdoc,mckenney-lacan-theory/10_References_antigravity,Antigravity_Gemini_Antigravity Extensions,1k2FGkz0J6NoogwWV7AsZOrbWem-34GTEHTucnQF0XO0,https://docs.google.com/document/d/1k2FGkz0J6NoogwWV7AsZOrbWem-34GTEHTucnQF0XO0/edit
mckenney-lacan-theory/10_References_antigravity/Antigravity_Project_Rules_NNG_Conensus.md.gdoc,mckenney-lacan-theory/10_References_antigravity,Antigravity_Project_Rules_NNG_Conensus,1Y14Wj43A-klTcDi5y1nWFfTga9fZZbD3ayjJnyXgk2E,https://docs.google.com/document/d/1Y14Wj43A-klTcDi5y1nWFfTga9fZZbD3ayjJnyXgk2E/edit
mckenney-lacan-theory/10_References_antigravity/Antigravity_Workflows.md.gdoc,mckenney-lacan-theory/10_References_antigravity,Antigravity_Workflows,1Wt-hFX-_HTcD7tYEl13id_N61XV2kiuImuKTXJvbgeU,https://docs.google.com/document/d/1Wt-hFX-_HTcD7tYEl13id_N61XV2kiuImuKTXJvbgeU/edit
mckenney-lacan-theory/10_References_antigravity/DATA_REQUIREMENTS_E1_E12_INGESTION_PLAN.md.gdoc,mckenney-lacan-theory/10_References_antigravity,DATA_REQUIREMENTS_E1_E12_INGESTION_PLAN,1OlQZAGCzR5DAPI0NOUAL7fn9ztqnXsyHBzm_AKXph-Y,https://docs.google.com/document/d/1OlQZAGCzR5DAPI0NOUAL7fn9ztqnXsyHBzm_AKXph-Y/edit
mckenney-lacan-theory/10_References_antigravity/Foundations_Psychohistory_Social_dynamics_physics.md.gdoc,mckenney-lacan-theory/10_References_antigravity,Foundations_Psychohistory_Social_dynamics_physics,1nLh8VhkTSHv-NRfLNHUWYgbUxq-3y5xLxiBxhdq92pw,https://docs.google.com/document/d/1nLh8VhkTSHv-NRfLNHUWYgbUxq-3y5xLxiBxhdq92pw/edit
mckenney-lacan-theory/10_References_antigravity/Simulating Calculus with GGNN.gdoc,mckenney-lacan-theory/10_References_antigravity,Simulating Calculus with GGNN,1YFPErf4gPfBu1bNhOy8TkSLxVcr7r05f4_9XT_d4M5E,https://docs.google.com/document/d/1YFPErf4gPfBu1bNhOy8TkSLxVcr7r05f4_9XT_d4M5E/edit
mckenney-lacan-theory/Music/Musica-theory-previous-work-HevnerCircle_GilboaMAP.md.gdoc,mckenney-lacan-theory/Music,Musica-theory-previous-work-HevnerCircle_GilboaMAP,1M6yXbhkU7yQ2m64tOpo78c7POxYNe63z5nXQTJN1QPc,https://docs.google.com/document/d/1M6yXbhkU7yQ2m64tOpo78c7POxYNe63z5nXQTJN1QPc/edit
mckenney-lacan-theory/Music/Musical_Psychometric_Foundations.md.gdoc,mckenney-lacan-theory/Music,Musical_Psychometric_Foundations,1it9FDaAJlVBhpZb8Lii-Vp3nsZvS7PBiAIBzbw7CYWM,https://docs.google.com/document/d/1it9FDaAJlVBhpZb8Lii-Vp3nsZvS7PBiAIBzbw7CYWM/edit
mckenney-lacan-theory/Music/The Loman Operator_ A Topological Score of Act I.md.gdoc,mckenney-lacan-theory/Music,The Loman Operator_ A Topological Score of Act I,1BIxzu9n_iWX4ixuNDhfw6B7cvnXMO9kyYan1mnmYyUg,https://docs.google.com/document/d/1BIxzu9n_iWX4ixuNDhfw6B7cvnXMO9kyYan1mnmYyUg/edit
